College Name,Department Name,Academic Career,Plan Description,Academic Year,Headcount,Campus
Col Arch Plan & Landscape Arch,Col Arch Plan & Landscape Arch,Graduate,Heritage Conservation,2020,1,Main
Col Arch Plan & Landscape Arch,Planning Degree Program,Graduate,Master of Science in Planning,2020,27,Main
Col Arch Plan & Landscape Arch,Planning Degree Program,Graduate,Master of Science in Urban Planning,2020,6,Main
Col Arch Plan & Landscape Arch,Sch of Landscape Architecture,Graduate,Real Estate Development Analysis,2020,1,Main
Col Arch Plan & Landscape Arch,Sch of Landscape Architecture,Graduate,Real Estate Development Practice,2020,1,Main
Col Arch Plan & Landscape Arch,Sch of Landscape Architecture,Graduate,Master in Real Estate Development,2020,18,Main
Col Arch Plan & Landscape Arch,Sch of Landscape Architecture,Graduate,Master of Landscape Architecture,2020,35,Main
Col Arch Plan & Landscape Arch,Sch of Landscape Architecture,Undergraduate,Major in Sustainable Built Environments,2020,113,Main
Col Arch Plan & Landscape Arch,School of Architecture,Graduate,Master of Architecture,2020,18,Main
Col Arch Plan & Landscape Arch,School of Architecture,Graduate,Master of Science in Architecture,2020,20,Main
Col Arch Plan & Landscape Arch,School of Architecture,Undergraduate,Major in Architecture,2020,439,Main
Col Arch Plan & Landscape Arch,Sch of Landscape Architecture,Graduate,Real Estate Development Finance,2020,1,Online
Col Arch Plan & Landscape Arch,Sch of Landscape Architecture,Graduate,Master in Real Estate Development,2020,32,Online
Col Arch Plan & Landscape Arch,Sch of Landscape Architecture,Undergraduate,Major in Sustainable Built Environments,2020,44,Online
College of Agric and Life Sci,Agricultural Education,Undergraduate,Major in Agricultural Systems Management,2020,9,Distance
College of Agric and Life Sci,Agricultural Education,Undergraduate,Major in Agricultural Technology Management and Education,2020,24,Distance
College of Agric and Life Sci,Biosystems Engineering,Undergraduate,Major in Sustainable Plant Systems,2020,12,Distance
College of Agric and Life Sci,"Family & Consumer Sci, Sch",Undergraduate,Major in Family Studies and Human Development,2020,49,Distance
College of Agric and Life Sci,Nutritional Sciences,Undergraduate,Major in Nutritional Sciences,2020,7,Distance
College of Agric and Life Sci,Agricultural & Resource Econ,Graduate,Master of Science in Agricultural and Resource Economics,2020,14,Main
College of Agric and Life Sci,Agricultural & Resource Econ,Undergraduate,Major in Agribusiness Economics and Management,2020,130,Main
College of Agric and Life Sci,Agricultural & Resource Econ,Undergraduate,Major in Agribusiness Economics and Management,2020,5,Main
College of Agric and Life Sci,Agricultural & Resource Econ,Undergraduate,Major in Environmental and Water Resource Economics,2020,21,Main
College of Agric and Life Sci,Agricultural & Resource Econ,Undergraduate,Major in Environmental and Water Resource Economics,2020,2,Main
College of Agric and Life Sci,Agricultural Education,Graduate,Adult Teaching,2020,1,Main
College of Agric and Life Sci,Agricultural Education,Graduate,Agricultural Leadership,2020,1,Main
College of Agric and Life Sci,Agricultural Education,Graduate,Master of Science in Agricultural Education,2020,12,Main
College of Agric and Life Sci,Agricultural Education,Undergraduate,Major in Agricultural Technology Management and Education,2020,94,Main
College of Agric and Life Sci,Agricultural Education,Undergraduate,Major in Agricultural Technology Management and Education,2020,2,Main
College of Agric and Life Sci,Animal&Biomedical Sciences-Ins,Graduate,Doctor of Philosophy in Animal Sciences,2020,4,Main
College of Agric and Life Sci,Animal&Biomedical Sciences-Ins,Graduate,Doctor of Philosophy in Microbiology,2020,3,Main
College of Agric and Life Sci,Animal&Biomedical Sciences-Ins,Graduate,Master of Science in Animal Sciences,2020,2,Main
College of Agric and Life Sci,Animal&Biomedical Sciences-Ins,Graduate,Master of Science in Microbiology,2020,6,Main
College of Agric and Life Sci,Animal&Biomedical Sciences-Ins,Undergraduate,Major in Animal Sciences,2020,161,Main
College of Agric and Life Sci,Animal&Biomedical Sciences-Ins,Undergraduate,Major in Animal Sciences,2020,3,Main
College of Agric and Life Sci,Animal&Biomedical Sciences-Ins,Undergraduate,Major in Food Safety,2020,3,Main
College of Agric and Life Sci,Animal&Biomedical Sciences-Ins,Undergraduate,Major in Food Safety,2020,1,Main
College of Agric and Life Sci,Animal&Biomedical Sciences-Ins,Undergraduate,Major in Microbiology,2020,199,Main
College of Agric and Life Sci,Animal&Biomedical Sciences-Ins,Undergraduate,Major in Microbiology,2020,12,Main
College of Agric and Life Sci,Animal&Biomedical Sciences-Ins,Undergraduate,Major in Veterinary Science,2020,543,Main
College of Agric and Life Sci,Animal&Biomedical Sciences-Ins,Undergraduate,Major in Veterinary Science,2020,3,Main
College of Agric and Life Sci,Biosystems Engineering,Graduate,Doctor of Philosophy in Biosystems Analytics & Technology,2020,2,Main
College of Agric and Life Sci,Biosystems Engineering,Undergraduate,Major in Biosystems Analytics & Technology,2020,9,Main
College of Agric and Life Sci,Biosystems Engineering,Undergraduate,Major in Sustainable Plant Systems,2020,49,Main
College of Agric and Life Sci,College of Agric and Life Sci,Graduate,Military Families,2020,2,Main
College of Agric and Life Sci,Environmental  Science,Graduate,"Doctor of Philosophy in Soil, Water and Environmental Science",2020,31,Main
College of Agric and Life Sci,Environmental  Science,Graduate,"Master of Science in Soil, Water and Environmental Science",2020,22,Main
College of Agric and Life Sci,Environmental  Science,Undergraduate,Major in Environmental Science,2020,223,Main
College of Agric and Life Sci,"Family & Consumer Sci, Sch",Graduate,Doctor of Philosophy in Family and Consumer Sciences,2020,16,Main
College of Agric and Life Sci,"Family & Consumer Sci, Sch",Graduate,Master of Science in Family and Consumer Sciences,2020,2,Main
College of Agric and Life Sci,"Family & Consumer Sci, Sch",Undergraduate,Major in Family Studies and Human Development,2020,167,Main
College of Agric and Life Sci,"Family & Consumer Sci, Sch",Undergraduate,Major in Family Studies and Human Development,2020,224,Main
College of Agric and Life Sci,Family and Consumer Sciences,Undergraduate,Major in Personal and Family Financial Planning,2020,63,Main
College of Agric and Life Sci,"Nat Resources & Eviron, Sch",Graduate,Doctor of Philosophy in Natural Resources,2020,42,Main
College of Agric and Life Sci,"Nat Resources & Eviron, Sch",Graduate,Master of Science in Natural Resources,2020,23,Main
College of Agric and Life Sci,"Nat Resources & Eviron, Sch",Graduate,"Master of Science in Water, Society & Policy",2020,11,Main
College of Agric and Life Sci,"Nat Resources & Eviron, Sch",Undergraduate,Major in Natural Resource,2020,12,Main
College of Agric and Life Sci,"Nat Resources & Eviron, Sch",Undergraduate,Major in Natural Resources,2020,259,Main
College of Agric and Life Sci,"Nat Resources & Eviron, Sch",Undergraduate,Geographic Information Science,2020,8,Main
College of Agric and Life Sci,"Nat Resources & Eviron, Sch",Undergraduate,International Environmental Conservation,2020,3,Main
College of Agric and Life Sci,"Nat Resources & Eviron, Sch",Undergraduate,Rangeland Management,2020,2,Main
College of Agric and Life Sci,"Nat Resources & Eviron, Sch",Undergraduate,Zoo and Aquarium Conservation,2020,31,Main
College of Agric and Life Sci,Nutritional Sciences,Graduate,Doctor of Philosophy in Nutritional Sciences,2020,12,Main
College of Agric and Life Sci,Nutritional Sciences,Graduate,Master of Science in Nutritional Sciences,2020,4,Main
College of Agric and Life Sci,Nutritional Sciences,Undergraduate,Major in Nutrition and Food Systems,2020,36,Main
College of Agric and Life Sci,Nutritional Sciences,Undergraduate,Major in Nutrition and Food Systems,2020,1,Main
College of Agric and Life Sci,Nutritional Sciences,Undergraduate,Major in Nutritional Sciences,2020,616,Main
College of Agric and Life Sci,Nutritional Sciences,Undergraduate,Major in Nutritional Sciences,2020,9,Main
College of Agric and Life Sci,"Plant Sciences, Sch",Graduate,Doctor of Philosophy in Plant Pathology,2020,6,Main
College of Agric and Life Sci,"Plant Sciences, Sch",Graduate,Doctor of Philosophy in Plant Science,2020,15,Main
College of Agric and Life Sci,"Plant Sciences, Sch",Graduate,Master of Science in Plant Pathology,2020,1,Main
College of Agric and Life Sci,"Plant Sciences, Sch",Graduate,Master of Science in Plant Science,2020,7,Main
College of Agric and Life Sci,"Plant Sciences, Sch",Undergraduate,Major in Plant Sciences,2020,49,Main
College of Agric and Life Sci,"Plant Sciences, Sch",Undergraduate,Major in Plant Sciences,2020,5,Main
College of Agric and Life Sci,"Plant Sciences, Sch",Undergraduate,Major in Sustainable Plant Systems,2020,3,Main
College of Agric and Life Sci,Retailing & Consumer Sciences,Undergraduate,Major in Retailing and Consumer Science,2020,476,Main
College of Agric and Life Sci,Agricultural Education,Graduate,Master of Science in Agricultural Education,2020,13,Online
College of Agric and Life Sci,College of Agric and Life Sci,Graduate,Military Families,2020,1,Online
College of Agric and Life Sci,Environmental  Science,Undergraduate,Major in Environmental Science,2020,2,Online
College of Agric and Life Sci,Nutritional Sciences,Graduate,Applied Nutrition,2020,2,Online
College of Agric and Life Sci,Nutritional Sciences,Graduate,Professional Science Masters in Applied Nutrition,2020,10,Online
College of Agric and Life Sci,Nutritional Sciences,Undergraduate,Major in Nutritional Sciences,2020,20,Online
College of Agric and Life Sci,College of Agric and Life Sci,Graduate,Military Families,2020,1,South
College of Agric and Life Sci,"Family & Consumer Sci, Sch",Undergraduate,Major in Family Studies and Human Development,2020,5,South
College of Applied Sci & Tech,College of Applied Sci & Tech,Undergraduate,Major in Applied Science,2020,66,Distance
College of Applied Sci & Tech,College of Applied Sci & Tech,Undergraduate,Major in Cyber Operations,2020,28,Distance
College of Applied Sci & Tech,College of Applied Sci & Tech,Undergraduate,Major in Organizational Leadership and Regional Commerce,2020,3,Distance
College of Applied Sci & Tech,College of Applied Sci & Tech,Undergraduate,Cyber Operations,2020,1,Distance
College of Applied Sci & Tech,College of Applied Sci & Tech,Undergraduate,Cybersecurity,2020,11,Distance
College of Applied Sci & Tech,College of Applied Sci & Tech,Undergraduate,Cybersecurity,2020,20,Main
College of Applied Sci & Tech,College of Applied Sci & Tech,Graduate,Instructional Design and Technology,2020,7,Online
College of Applied Sci & Tech,College of Applied Sci & Tech,Graduate,Master of Science in Educational Technology,2020,5,Online
College of Applied Sci & Tech,College of Applied Sci & Tech,Undergraduate,Major in Applied Science,2020,397,Online
College of Applied Sci & Tech,College of Applied Sci & Tech,Undergraduate,Major in Applied Science,2020,1,Online
College of Applied Sci & Tech,College of Applied Sci & Tech,Undergraduate,Major in Cyber Operations,2020,125,Online
College of Applied Sci & Tech,College of Applied Sci & Tech,Undergraduate,Major in Government and Public Service,2020,21,Online
College of Applied Sci & Tech,College of Applied Sci & Tech,Undergraduate,Major in Organizational Leadership and Regional Commerce,2020,25,Online
College of Applied Sci & Tech,College of Applied Sci & Tech,Undergraduate,Cyber Operations,2020,25,Online
College of Applied Sci & Tech,College of Applied Sci & Tech,Undergraduate,Cybersecurity,2020,50,Online
College of Applied Sci & Tech,College of Applied Sci & Tech,Graduate,Master of Education in Secondary Education,2020,28,South
College of Applied Sci & Tech,College of Applied Sci & Tech,Undergraduate,Major in Applied Science,2020,250,South
College of Applied Sci & Tech,College of Applied Sci & Tech,Undergraduate,Major in Commerce,2020,3,South
College of Applied Sci & Tech,College of Applied Sci & Tech,Undergraduate,Major in Cyber Operations,2020,41,South
College of Applied Sci & Tech,College of Applied Sci & Tech,Undergraduate,Major in Cyber Operations,2020,1,South
College of Applied Sci & Tech,College of Applied Sci & Tech,Undergraduate,Major in Elementary Education,2020,43,South
College of Applied Sci & Tech,College of Applied Sci & Tech,Undergraduate,Major in Government and Public Service,2020,21,South
College of Applied Sci & Tech,College of Applied Sci & Tech,Undergraduate,Major in Government and Public Service,2020,1,South
College of Applied Sci & Tech,College of Applied Sci & Tech,Undergraduate,Major in Organizational Leadership and Regional Commerce,2020,12,South
College of Applied Sci & Tech,College of Applied Sci & Tech,Undergraduate,Cyber Operations,2020,28,South
College of Applied Sci & Tech,College of Applied Sci & Tech,Undergraduate,Cybersecurity,2020,24,South
College of Education,Disability Psychoeduc Studies,Graduate,Educational Specialist in School Psychology,2020,51,Distance
College of Education,Teachg Learning Sociocult Stds,Graduate,Master of Education in Teaching and Teacher Education,2020,38,Distance
College of Education,Teachg Learning Sociocult Stds,Undergraduate,Major in Elementary Education,2020,10,Distance
College of Education,Disability Psychoeduc Studies,Graduate,Doctor of Philosophy in Counselor Education and Supervision,2020,6,Main
College of Education,Disability Psychoeduc Studies,Graduate,Doctor of Philosophy in School Psychology,2020,32,Main
College of Education,Disability Psychoeduc Studies,Graduate,Doctor of Philosophy in Special Education,2020,13,Main
College of Education,Disability Psychoeduc Studies,Graduate,Educational Specialist in School Psychology,2020,15,Main
College of Education,Disability Psychoeduc Studies,Graduate,Master of Arts in Counseling,2020,97,Main
College of Education,Disability Psychoeduc Studies,Graduate,Master of Arts in Special Education,2020,32,Main
College of Education,Disability Psychoeduc Studies,Undergraduate,Major in Deaf Studies,2020,62,Main
College of Education,Disability Psychoeduc Studies,Undergraduate,Major in Mild Moderate Disabilities,2020,75,Main
College of Education,Disability Psychoeduc Studies,Undergraduate,Major in Rehabilitation Studies and Services,2020,55,Main
College of Education,Disability Psychoeduc Studies,Undergraduate,Major in Special Education and Rehabilitation,2020,38,Main
College of Education,Educational Psychology,Graduate,Doctor of Philosophy in Educational Psychology,2020,23,Main
College of Education,Educational Psychology,Graduate,Educational Research Methodology,2020,3,Main
College of Education,Educational Psychology,Graduate,Master of Arts in Educational Psychology,2020,16,Main
College of Education,Educatnl Policy Studies Pract,Graduate,Doctor of Education in Educational Leadership,2020,13,Main
College of Education,Educatnl Policy Studies Pract,Graduate,Doctor of Philosophy in Educational Leadership and Policy,2020,45,Main
College of Education,Educatnl Policy Studies Pract,Graduate,Doctor of Philosophy in Higher Education,2020,93,Main
College of Education,Educatnl Policy Studies Pract,Graduate,Master of Arts in Education Policy,2020,6,Main
College of Education,Educatnl Policy Studies Pract,Graduate,Master of Arts in Higher Education,2020,30,Main
College of Education,Educatnl Policy Studies Pract,Graduate,Master of Education in Educational Leadership,2020,31,Main
College of Education,Teachg Learning Sociocult Stds,Graduate,"Doctor of Philosophy in Language, Reading and Culture",2020,69,Main
College of Education,Teachg Learning Sociocult Stds,Graduate,Doctor of Philosophy in Teaching and Teacher Education,2020,30,Main
College of Education,Teachg Learning Sociocult Stds,Graduate,"Educational Specialist in Language, Reading and Culture",2020,1,Main
College of Education,Teachg Learning Sociocult Stds,Graduate,"Master of Arts in Language, Reading and Culture",2020,17,Main
College of Education,Teachg Learning Sociocult Stds,Graduate,Master of Arts in Teaching and Teacher Education,2020,30,Main
College of Education,Teachg Learning Sociocult Stds,Undergraduate,Major in Early Childhood Education,2020,115,Main
College of Education,Teachg Learning Sociocult Stds,Undergraduate,Major in Elementary Education,2020,431,Main
College of Education,Teachg Learning Sociocult Stds,Undergraduate,"Major in Literacy, Learning and Leadership",2020,206,Main
College of Education,Teachg Learning Sociocult Stds,Undergraduate,"Major in Literacy, Learning and Leadership",2020,2,Main
College of Education,Disability Psychoeduc Studies,Graduate,Applied Behavior Analysis,2020,6,Online
College of Education,Disability Psychoeduc Studies,Graduate,Behavior Support Specialist,2020,2,Online
College of Education,Disability Psychoeduc Studies,Graduate,Master of Arts in Special Education,2020,90,Online
College of Education,Teachg Learning Sociocult Stds,Undergraduate,"Major in Literacy, Learning and Leadership",2020,32,Online
College of Engineering,Aerospace & Mechanical Engr,Undergraduate,Major in Mechanical Engineering,2020,65,Distance
College of Engineering,Civil Arch Engr and Mechanics,Undergraduate,Major in Civil Engineering,2020,7,Distance
College of Engineering,Engineering Administration,Graduate,Master of Science in Biosystems Engineering,2020,1,Distance
College of Engineering,Systems and Industrial Engr,Graduate,Master of Science in Engineering Management,2020,26,Distance
College of Engineering,Systems and Industrial Engr,Graduate,Master of Science in Systems Engineering,2020,3,Distance
College of Engineering,Systems and Industrial Engr,Undergraduate,Major in Engineering Management,2020,1,Distance
College of Engineering,Systems and Industrial Engr,Undergraduate,Major in Industrial Engineering,2020,112,Distance
College of Engineering,Systems and Industrial Engr,Undergraduate,Major in Systems Engineering,2020,38,Distance
College of Engineering,Aerospace & Mechanical Engr,Graduate,Doctor of Philosophy in Aerospace Engineering,2020,38,Main
College of Engineering,Aerospace & Mechanical Engr,Graduate,Doctor of Philosophy in Mechanical Engineering,2020,37,Main
College of Engineering,Aerospace & Mechanical Engr,Graduate,Master of Science in Aerospace Engineering,2020,19,Main
College of Engineering,Aerospace & Mechanical Engr,Graduate,Master of Science in Mechanical Engineering,2020,29,Main
College of Engineering,Aerospace & Mechanical Engr,Undergraduate,Major in Aerospace Engineering,2020,171,Main
College of Engineering,Aerospace & Mechanical Engr,Undergraduate,Major in Mechanical Engineering,2020,432,Main
College of Engineering,Biomedical Engineering,Graduate,Doctor of Philosophy in Biomedical Engineering,2020,41,Main
College of Engineering,Biomedical Engineering,Graduate,Master of Science in Biomedical Engineering,2020,17,Main
College of Engineering,Biomedical Engineering,Undergraduate,Major in Biomedical Engineering,2020,174,Main
College of Engineering,Chemical & Environmental Engr,Graduate,Doctor of Philosophy in Chemical Engineering,2020,28,Main
College of Engineering,Chemical & Environmental Engr,Graduate,Doctor of Philosophy in Environmental Engineering,2020,20,Main
College of Engineering,Chemical & Environmental Engr,Graduate,Master of Science in Chemical Engineering,2020,15,Main
College of Engineering,Chemical & Environmental Engr,Graduate,Master of Science in Environmental Engineering,2020,8,Main
College of Engineering,Chemical & Environmental Engr,Undergraduate,Major in Chemical Engineering,2020,279,Main
College of Engineering,Chemical & Environmental Engr,Undergraduate,Major in Environmental Engineering,2020,20,Main
College of Engineering,Civil Arch Engr and Mechanics,Graduate,Doctor of Philosophy in Civil Engineering & Engineering Mechanics,2020,29,Main
College of Engineering,Civil Arch Engr and Mechanics,Graduate,Master of Science in Civil Engineering & Engineering Mechanics,2020,3,Main
College of Engineering,Civil Arch Engr and Mechanics,Undergraduate,Major in Architectural Engineering,2020,35,Main
College of Engineering,Civil Arch Engr and Mechanics,Undergraduate,Major in Civil Engineering,2020,127,Main
College of Engineering,College of Engineering,Graduate,Master of Engineering,2020,32,Main
College of Engineering,Electrical and Computer Engr,Graduate,Doctor of Philosophy in Electrical and Computer Engineering,2020,112,Main
College of Engineering,Electrical and Computer Engr,Graduate,Master of Science in Electrical and Computer Engineering,2020,89,Main
College of Engineering,Electrical and Computer Engr,Undergraduate,Major in Electrical and Computer Engineering,2020,437,Main
College of Engineering,Engineering Administration,Graduate,Doctor of Philosophy in Biosystems Engineering,2020,22,Main
College of Engineering,Engineering Administration,Graduate,Master of Science in Biosystems Engineering,2020,17,Main
College of Engineering,Engineering Administration,Undergraduate,Major in Biosystems Engineering,2020,56,Main
College of Engineering,Materials Science & Engr,Graduate,Doctor of Philosophy in Materials Science and Engineering,2020,18,Main
College of Engineering,Materials Science & Engr,Graduate,Master of Science in Materials Science and Engineering,2020,11,Main
College of Engineering,Materials Science & Engr,Undergraduate,Major in Materials Science & Engineering,2020,61,Main
College of Engineering,Mining & Geological Engr,Graduate,"Doctor of Philosophy in Mining, Geological and Geophysical Engineering",2020,13,Main
College of Engineering,Mining & Geological Engr,Graduate,"Master of Science in Mining, Geological and Geophysical Engineering",2020,16,Main
College of Engineering,Mining & Geological Engr,Undergraduate,Major in Mining Engineering,2020,65,Main
College of Engineering,Systems and Industrial Engr,Graduate,Doctor of Philosophy in Systems and Industrial Engineering,2020,46,Main
College of Engineering,Systems and Industrial Engr,Graduate,Engineering Management,2020,1,Main
College of Engineering,Systems and Industrial Engr,Graduate,Quality and Reliability Engineering,2020,2,Main
College of Engineering,Systems and Industrial Engr,Graduate,Master of Science in Engineering Management,2020,11,Main
College of Engineering,Systems and Industrial Engr,Graduate,Master of Science in Industrial Engineering,2020,10,Main
College of Engineering,Systems and Industrial Engr,Graduate,Master of Science in Systems Engineering,2020,11,Main
College of Engineering,Systems and Industrial Engr,Undergraduate,Major in Engineering Management,2020,53,Main
College of Engineering,Systems and Industrial Engr,Undergraduate,Major in Industrial Engineering,2020,118,Main
College of Engineering,Systems and Industrial Engr,Undergraduate,Major in Systems Engineering,2020,124,Main
College of Engineering,Aerospace & Mechanical Engr,Graduate,Master of Science in Mechanical Engineering,2020,5,Online
College of Engineering,Civil Arch Engr and Mechanics,Undergraduate,Advanced Transportation Engineering,2020,1,Online
College of Engineering,College of Engineering,Graduate,Master of Engineering,2020,41,Online
College of Engineering,Electrical and Computer Engr,Graduate,Master of Science in Electrical and Computer Engineering,2020,201,Online
College of Engineering,Electrical and Computer Engr,Undergraduate,Major in Electrical and Computer Engineering,2020,7,Online
College of Engineering,Materials Science & Engr,Graduate,Master of Science in Materials Science and Engineering,2020,11,Online
College of Engineering,Mining & Geological Engr,Graduate,Fundamentals of Mine Operations and Economics,2020,12,Online
College of Engineering,Mining & Geological Engr,Graduate,Mine Production and Information Technology,2020,3,Online
College of Engineering,Mining & Geological Engr,Graduate,Mineral Processing and Extractive Metallurgy,2020,4,Online
College of Engineering,Mining & Geological Engr,Graduate,Rock Mechanics,2020,4,Online
College of Engineering,Systems and Industrial Engr,Graduate,Engineering Management,2020,5,Online
College of Engineering,Systems and Industrial Engr,Graduate,Quality and Reliability Engineering,2020,4,Online
College of Engineering,Systems and Industrial Engr,Graduate,Systems Engineering,2020,1,Online
College of Engineering,Systems and Industrial Engr,Graduate,Master of Science in Cybersecurity,2020,65,Online
College of Engineering,Systems and Industrial Engr,Graduate,Master of Science in Engineering Management,2020,39,Online
College of Engineering,Systems and Industrial Engr,Graduate,Master of Science in Industrial Engineering,2020,11,Online
College of Engineering,Systems and Industrial Engr,Graduate,Master of Science in Systems Engineering,2020,47,Online
College of Fine Arts,"Art History, Div",Graduate,Master of Arts in Art History,2020,11,Main
College of Fine Arts,"Art History, Div",Undergraduate,Major in Art History,2020,45,Main
College of Fine Arts,"Art History, Div",Undergraduate,Major in Art History,2020,6,Main
College of Fine Arts,Sch Theatre Film & Television,Graduate,Master of Fine Arts in Theatre Arts,2020,10,Main
College of Fine Arts,Sch Theatre Film & Television,Undergraduate,Major in Film and Television,2020,261,Main
College of Fine Arts,Sch Theatre Film & Television,Undergraduate,Major in Film and Television,2020,16,Main
College of Fine Arts,Sch Theatre Film & Television,Undergraduate,Major in Film and Television,2020,49,Main
College of Fine Arts,Sch Theatre Film & Television,Undergraduate,Major in Musical Theatre,2020,41,Main
College of Fine Arts,Sch Theatre Film & Television,Undergraduate,Major in Theatre Arts,2020,106,Main
College of Fine Arts,Sch Theatre Film & Television,Undergraduate,Major in Theatre Arts,2020,5,Main
College of Fine Arts,Sch Theatre Film & Television,Undergraduate,Major in Theatre Production,2020,95,Main
College of Fine Arts,School of Art,Graduate,Doctor of Philosophy in Art History & Education,2020,27,Main
College of Fine Arts,School of Art,Graduate,Museum Studies,2020,2,Main
College of Fine Arts,School of Art,Graduate,Master of Arts in Art Education,2020,1,Main
College of Fine Arts,School of Art,Graduate,Master of Arts in Art and Visual Culture Education,2020,7,Main
College of Fine Arts,School of Art,Graduate,Master of Fine Arts in Art,2020,36,Main
College of Fine Arts,School of Art,Undergraduate,Major in Art Education,2020,2,Main
College of Fine Arts,School of Art,Undergraduate,Major in Art and Visual Culture Education,2020,33,Main
College of Fine Arts,School of Art,Undergraduate,Major in Art and Visual Culture Education,2020,2,Main
College of Fine Arts,School of Art,Undergraduate,Major in Studio Art,2020,161,Main
College of Fine Arts,School of Art,Undergraduate,Major in Studio Art,2020,10,Main
College of Fine Arts,School of Art,Undergraduate,Major in Studio Art,2020,264,Main
College of Fine Arts,School of Art,Undergraduate,Major in Studio Art,2020,3,Main
College of Fine Arts,School of Dance,Graduate,Master of Fine Arts in Dance,2020,9,Main
College of Fine Arts,School of Dance,Undergraduate,Major in Dance,2020,144,Main
College of Fine Arts,School of Music,Graduate,Doctor of Musical Arts in Music,2020,95,Main
College of Fine Arts,School of Music,Graduate,Doctor of Philosophy in Music,2020,15,Main
College of Fine Arts,School of Music,Graduate,Master of Music in Music,2020,51,Main
College of Fine Arts,School of Music,Undergraduate,Major in Music,2020,73,Main
College of Fine Arts,School of Music,Undergraduate,Major in Music,2020,2,Main
College of Fine Arts,School of Music,Undergraduate,Major in Music Education,2020,85,Main
College of Fine Arts,School of Music,Undergraduate,Major in Music Education,2020,3,Main
College of Fine Arts,School of Music,Undergraduate,Major in Performance,2020,131,Main
College of Fine Arts,School of Music,Undergraduate,Major in Performance,2020,3,Main
College of Humanities,College of Humanities,Undergraduate,Major in General Studies,2020,10,Distance
College of Humanities,Africana Studies,Undergraduate,Major in Africana Studies,2020,33,Main
College of Humanities,Africana Studies,Undergraduate,Major in Africana Studies,2020,13,Main
College of Humanities,College of Humanities,Undergraduate,Major in General Studies,2020,533,Main
College of Humanities,College of Humanities,Undergraduate,Major in Global Studies,2020,100,Main
College of Humanities,East Asian Studies,Graduate,Doctor of Philosophy in East Asian Studies,2020,43,Main
College of Humanities,East Asian Studies,Graduate,Master of Arts in East Asian Studies,2020,14,Main
College of Humanities,East Asian Studies,Undergraduate,Major in East Asian Studies,2020,138,Main
College of Humanities,East Asian Studies,Undergraduate,Major in East Asian Studies,2020,39,Main
College of Humanities,French and Italian,Graduate,Master of Arts in French,2020,14,Main
College of Humanities,French and Italian,Undergraduate,Major in French,2020,85,Main
College of Humanities,French and Italian,Undergraduate,Major in French,2020,42,Main
College of Humanities,French and Italian,Undergraduate,Major in Italian,2020,37,Main
College of Humanities,French and Italian,Undergraduate,Major in Italian,2020,18,Main
College of Humanities,German Studies,Graduate,Doctor of Philosophy in Transcultural German Studies,2020,8,Main
College of Humanities,German Studies,Graduate,Master of Arts in German Studies,2020,6,Main
College of Humanities,German Studies,Undergraduate,Major in German Studies,2020,59,Main
College of Humanities,German Studies,Undergraduate,Major in German Studies,2020,17,Main
College of Humanities,Public & Applied Humanities,Undergraduate,Major in Applied Humanities,2020,92,Main
College of Humanities,Public & Applied Humanities,Undergraduate,Major in Applied Humanities,2020,5,Main
College of Humanities,Public & Applied Humanities,Undergraduate,Major in World Literature,2020,2,Main
College of Humanities,Public & Applied Humanities,Undergraduate,Major in World Literature,2020,1,Main
College of Humanities,Religious Studies and Classics,Graduate,Master of Arts in Classics,2020,17,Main
College of Humanities,Religious Studies and Classics,Undergraduate,Major in Classics,2020,62,Main
College of Humanities,Religious Studies and Classics,Undergraduate,Major in Classics,2020,38,Main
College of Humanities,"Religious Studies, Cmt",Undergraduate,Major in Religious Studies,2020,37,Main
College of Humanities,"Religious Studies, Cmt",Undergraduate,Major in Religious Studies,2020,15,Main
College of Humanities,Russian and Slavic Studies,Graduate,Master of Arts in Russian,2020,15,Main
College of Humanities,Russian and Slavic Studies,Undergraduate,Major in Russian,2020,34,Main
College of Humanities,Russian and Slavic Studies,Undergraduate,Major in Russian,2020,26,Main
College of Humanities,Spanish and Portuguese,Graduate,Doctor of Philosophy in Spanish,2020,33,Main
College of Humanities,Spanish and Portuguese,Graduate,Master of Arts in Spanish,2020,24,Main
College of Humanities,Spanish and Portuguese,Undergraduate,Major in Spanish,2020,276,Main
College of Humanities,Spanish and Portuguese,Undergraduate,Major in Spanish,2020,105,Main
College of Humanities,Africana Studies,Undergraduate,Major in Africana Studies,2020,6,Online
College of Humanities,College of Humanities,Undergraduate,Major in General Studies,2020,275,Online
College of Humanities,Public & Applied Humanities,Graduate,Master of Arts in Second Language Learning and Educational Technology,2020,1,Online
College of Medicine - Phoenix,College of Medicine - Phoenix,Medical School,Major in Medicine,2020,336,Phoenix
College of Medicine - Phoenix,COM Phoenix Academic Affairs,Graduate,Master of Medical Studies,2020,10,Phoenix
College of Medicine - Tucson,Cellular & Molecular Medicine,Graduate,Doctor of Philosophy in Cellular & Molecular Medicine,2020,2,Main
College of Medicine - Tucson,Cellular & Molecular Medicine,Graduate,Biomedical Sciences,2020,2,Main
College of Medicine - Tucson,Cellular & Molecular Medicine,Graduate,Master of Science in Cellular & Molecular Medicine,2020,61,Main
College of Medicine - Tucson,Cellular & Molecular Medicine,Graduate,Master of Science in Genetic Counseling,2020,5,Main
College of Medicine - Tucson,College of Medicine - Tucson,Graduate,Doctor of Philosophy in Clinical Translational Science,2020,15,Main
College of Medicine - Tucson,College of Medicine - Tucson,Graduate,Foundations for Biomedical Science PhDs Serving Indigenous Cultures,2020,4,Main
College of Medicine - Tucson,College of Medicine - Tucson,Graduate,Master of Science in Clinical Translational Science,2020,5,Main
College of Medicine - Tucson,College of Medicine - Tucson,Medical School,Major in Medicine,2020,511,Main
College of Medicine - Tucson,Dept of Emergency Medicine,Undergraduate,Major in Emergency Medical Services,2020,10,Main
College of Medicine - Tucson,Family and Community Medicine,Undergraduate,Developmental Disabilities,2020,6,Main
College of Medicine - Tucson,Immunobiology,Graduate,Doctor of Philosophy in Immunobiology,2020,2,Main
College of Medicine - Tucson,Immunobiology,Graduate,Doctor of Philosophy in Molecular Medicine,2020,21,Main
College of Medicine - Tucson,Immunobiology,Graduate,Microbiology and Immunity,2020,7,Main
College of Medicine - Tucson,Pharmacology,Graduate,Doctor of Philosophy in Medical Pharmacology,2020,20,Main
College of Medicine - Tucson,Pharmacology,Graduate,Master of Science in Medical Pharmacology,2020,13,Main
College of Medicine - Tucson,Physiology-Undergraduate Prog,Undergraduate,Major in Physiology,2020,1084,Main
College of Medicine - Tucson,Physiology-Undergraduate Prog,Undergraduate,Major in Physiology and Medical Sciences,2020,595,Main
College of Medicine - Tucson,College of Medicine - Tucson,Graduate,Doctor of Philosophy in Clinical Translational Science,2020,13,Phoenix
College of Medicine - Tucson,College of Medicine - Tucson,Graduate,Master of Science in Clinical Translational Science,2020,15,Phoenix
College of Nursing,College of Nursing,Undergraduate,Major in Nursing,2020,48,Distance
College of Nursing,College of Nursing,Graduate,Doctor of Nursing Practice in Nursing,2020,10,Main
College of Nursing,College of Nursing,Graduate,Doctor of Philosophy in Nursing,2020,65,Main
College of Nursing,College of Nursing,Graduate,Master of Science in Nursing,2020,70,Main
College of Nursing,College of Nursing,Undergraduate,Major in Nursing,2020,862,Main
College of Nursing,College of Nursing,Graduate,Doctor of Nursing Practice in Nursing,2020,377,Online
College of Nursing,College of Nursing,Graduate,Adult-Gerontology Acute Care Nurse Practitioner,2020,8,Online
College of Nursing,College of Nursing,Graduate,Family Nurse Practitioner,2020,1,Online
College of Nursing,College of Nursing,Graduate,Nursing Rural Telehealth,2020,6,Online
College of Nursing,College of Nursing,Graduate,Pediatric Nurse Practitioner,2020,2,Online
College of Nursing,College of Nursing,Graduate,Psychiatric Mental Health Nurse Practitioner,2020,11,Online
College of Nursing,College of Nursing,Graduate,Master of Science in Nursing,2020,164,Online
College of Nursing,College of Nursing,Graduate,Master of Science in Nursing,2020,59,Phoenix
College of Pharmacy,College of Pharmacy,Pharmacy,Major in Pharmacy,2020,345,Main
College of Pharmacy,Pharmaceutical Sciences,Graduate,Doctor of Philosophy in Pharmaceutical Sciences,2020,30,Main
College of Pharmacy,Pharmaceutical Sciences,Graduate,Master of Science in Pharmaceutical Sciences,2020,3,Main
College of Pharmacy,Pharmacology and Toxicology,Graduate,Doctor of Philosophy in Pharmacology and Toxicology,2020,15,Main
College of Pharmacy,Pharmacology and Toxicology,Undergraduate,Major in Pharmaceutical Sciences,2020,66,Main
College of Pharmacy,Pharmacology and Toxicology,Undergraduate,Major in Pharmaceutical Sciences,2020,293,Main
College of Pharmacy,College of Pharmacy,Pharmacy,Major in Pharmacy,2020,137,Phoenix
College of Public Health,Public Health Administration,Graduate,Master of Public Health,2020,3,Distance
College of Public Health,College of Public Health,Graduate,Doctor of Philosophy in Health Behavior Health Promotion,2020,21,Main
College of Public Health,College of Public Health,Graduate,Master of Science in Public Health in Health Behavior Health Promotion,2020,1,Main
College of Public Health,Public Health Administration,Graduate,Doctor of Philosophy in Biostatistics,2020,13,Main
College of Public Health,Public Health Administration,Graduate,Doctor of Philosophy in Environmental Health Sciences,2020,15,Main
College of Public Health,Public Health Administration,Graduate,Doctor of Philosophy in Epidemiology,2020,23,Main
College of Public Health,Public Health Administration,Graduate,Major in Public Health,2020,31,Main
College of Public Health,Public Health Administration,Graduate,Clinical and Translational Research,2020,6,Main
College of Public Health,Public Health Administration,Graduate,Health Administration,2020,1,Main
College of Public Health,Public Health Administration,Graduate,Master of Public Health,2020,178,Main
College of Public Health,Public Health Administration,Graduate,Master of Science in Biostatistics,2020,8,Main
College of Public Health,Public Health Administration,Graduate,Master of Science in Environmental Health Sciences,2020,5,Main
College of Public Health,Public Health Administration,Graduate,Master of Science in Epidemiology,2020,9,Main
College of Public Health,Public Health Administration,Undergraduate,Major in Public Health,2020,324,Main
College of Public Health,Public Health Administration,Undergraduate,Major in Public Health,2020,640,Main
College of Public Health,Public Health Administration,Graduate,Global Health & Development,2020,3,Online
College of Public Health,Public Health Administration,Graduate,Public Health,2020,10,Online
College of Public Health,Public Health Administration,Graduate,Master of Public Health,2020,262,Online
College of Public Health,Public Health Administration,Undergraduate,Major in Public Health,2020,118,Online
College of Public Health,Public Health Administration,Graduate,Master of Public Health,2020,74,Phoenix
College of Science,Computer Science,Undergraduate,Major in Computer Science,2020,19,Distance
College of Science,Astronomy,Graduate,Doctor of Philosophy in Astronomy and Astrophysics,2020,49,Main
College of Science,Astronomy,Graduate,Master of Science in Astronomy and Astrophysics,2020,1,Main
College of Science,Astronomy,Undergraduate,Major in Astronomy,2020,187,Main
College of Science,Astronomy,Undergraduate,Major in Astronomy,2020,64,Main
College of Science,Chemistry,Graduate,Doctor of Philosophy in Chemistry,2020,123,Main
College of Science,Chemistry,Graduate,Master of Arts in Chemistry,2020,1,Main
College of Science,Chemistry,Graduate,Master of Science in Chemistry,2020,8,Main
College of Science,Chemistry,Undergraduate,Major in Chemistry,2020,21,Main
College of Science,Chemistry,Undergraduate,Major in Chemistry,2020,3,Main
College of Science,Chemistry,Undergraduate,Major in Chemistry,2020,208,Main
College of Science,Chemistry,Undergraduate,Major in Chemistry,2020,11,Main
College of Science,Chemistry & Biochemistry - Sci,Graduate,Doctor of Philosophy in Biochemistry,2020,38,Main
College of Science,Chemistry & Biochemistry - Sci,Graduate,Master of Science in Biochemistry,2020,3,Main
College of Science,Chemistry & Biochemistry - Sci,Undergraduate,Major in Biochemistry,2020,89,Main
College of Science,Chemistry & Biochemistry - Sci,Undergraduate,Major in Biochemistry,2020,2,Main
College of Science,Chemistry & Biochemistry - Sci,Undergraduate,Major in Biochemistry,2020,374,Main
College of Science,Chemistry & Biochemistry - Sci,Undergraduate,Major in Biochemistry,2020,14,Main
College of Science,College of Science,Graduate,Dendrochronology,2020,1,Main
College of Science,College of Science,Graduate,Egyptian Archaeology,2020,1,Main
College of Science,College of Science,Graduate,Science Communication,2020,12,Main
College of Science,Computer Science,Graduate,Doctor of Philosophy in Computer Science,2020,48,Main
College of Science,Computer Science,Graduate,Master of Science in Computer Science,2020,43,Main
College of Science,Computer Science,Undergraduate,Major in Computer Science,2020,44,Main
College of Science,Computer Science,Undergraduate,Major in Computer Science,2020,6,Main
College of Science,Computer Science,Undergraduate,Major in Computer Science,2020,456,Main
College of Science,Computer Science,Undergraduate,Major in Computer Science,2020,1086,Main
College of Science,Ecology & Evolutionary Biology,Graduate,Doctor of Philosophy in Ecology and Evolutionary Biology,2020,40,Main
College of Science,Ecology & Evolutionary Biology,Graduate,Master of Science in Ecology and Evolutionary Biology,2020,7,Main
College of Science,Ecology & Evolutionary Biology,Undergraduate,Major in Bioinformatics,2020,29,Main
College of Science,Ecology & Evolutionary Biology,Undergraduate,Major in Bioinformatics,2020,3,Main
College of Science,Ecology & Evolutionary Biology,Undergraduate,Major in Biology,2020,855,Main
College of Science,Ecology & Evolutionary Biology,Undergraduate,Major in Biology,2020,5,Main
College of Science,Ecology & Evolutionary Biology,Undergraduate,Major in Ecology and Evolutionary Biology,2020,11,Main
College of Science,Ecology & Evolutionary Biology,Undergraduate,Major in Ecology and Evolutionary Biology,2020,105,Main
College of Science,Ecology & Evolutionary Biology,Undergraduate,Major in Ecology and Evolutionary Biology,2020,7,Main
College of Science,Geosciences,Graduate,Doctor of Philosophy in Geosciences,2020,39,Main
College of Science,Geosciences,Graduate,Master of Science in Geosciences,2020,22,Main
College of Science,Geosciences,Graduate,Professional Science Masters in Economic Geology,2020,3,Main
College of Science,Geosciences,Undergraduate,Major in Geosciences,2020,209,Main
College of Science,Geosciences,Undergraduate,Major in Geosciences,2020,2,Main
College of Science,Hydrology & Atmospheric Sci,Graduate,Doctor of Philosophy in Atmospheric Sciences,2020,13,Main
College of Science,Hydrology & Atmospheric Sci,Graduate,Doctor of Philosophy in Hydrology,2020,21,Main
College of Science,Hydrology & Atmospheric Sci,Graduate,Doctor of Philosophy in Hydrometeorology,2020,5,Main
College of Science,Hydrology & Atmospheric Sci,Graduate,Master of Science in Atmospheric Sciences,2020,10,Main
College of Science,Hydrology & Atmospheric Sci,Graduate,Master of Science in Hydrology,2020,32,Main
College of Science,Hydrology & Atmospheric Sci,Graduate,Master of Science in Hydrometeorology,2020,4,Main
College of Science,Hydrology & Atmospheric Sci,Undergraduate,Major in Environmental Hydrology and Water Resources,2020,15,Main
College of Science,Hydrology & Atmospheric Sci,Undergraduate,Major in Hydrology and Atmospheric Sciences,2020,26,Main
College of Science,Hydrology & Atmospheric Sci,Undergraduate,Major in Hydrology and Atmospheric Sciences,2020,1,Main
College of Science,Hydrology & Atmospheric Sci,Undergraduate,Groundwater,2020,1,Main
College of Science,Hydrology and Water Resources,Graduate,Hydrology and Water Resources,2020,1,Main
College of Science,Mathematics,Graduate,Doctor of Philosophy in Mathematics,2020,54,Main
College of Science,Mathematics,Graduate,Master of Science in Mathematics,2020,8,Main
College of Science,Mathematics,Undergraduate,Major in Mathematics,2020,68,Main
College of Science,Mathematics,Undergraduate,Major in Mathematics,2020,6,Main
College of Science,Mathematics,Undergraduate,Major in Mathematics,2020,319,Main
College of Science,Mathematics,Undergraduate,Major in Mathematics,2020,120,Main
College of Science,Mathematics,Undergraduate,Major in Statistics and Data Science,2020,30,Main
College of Science,Mathematics,Undergraduate,Major in Statistics and Data Science,2020,2,Main
College of Science,Mathematics,Undergraduate,Major in Statistics and Data Science,2020,89,Main
College of Science,Mathematics,Undergraduate,Major in Statistics and Data Science,2020,31,Main
College of Science,Molecular and Cellular Biology,Graduate,Doctor of Philosophy in Molecular and Cellular Biology,2020,24,Main
College of Science,Molecular and Cellular Biology,Graduate,Master of Science in Molecular and Cellular Biology,2020,4,Main
College of Science,Molecular and Cellular Biology,Undergraduate,Major in Molecular and Cellular Biology,2020,449,Main
College of Science,Molecular and Cellular Biology,Undergraduate,Major in Molecular and Cellular Biology,2020,101,Main
College of Science,Physics,Graduate,Doctor of Philosophy in Physics,2020,108,Main
College of Science,Physics,Graduate,Master of Science in Physics,2020,7,Main
College of Science,Physics,Graduate,Professional Science Masters in Medical Physics,2020,2,Main
College of Science,Physics,Undergraduate,Major in Applied Physics,2020,12,Main
College of Science,Physics,Undergraduate,Major in Applied Physics,2020,2,Main
College of Science,Physics,Undergraduate,Major in Physics,2020,6,Main
College of Science,Physics,Undergraduate,Major in Physics,2020,246,Main
College of Science,Physics,Undergraduate,Major in Physics,2020,74,Main
College of Science,Planetary Sciences,Graduate,Doctor of Philosophy in Planetary Sciences,2020,40,Main
College of Science,Planetary Sciences,Graduate,Master of Science in Planetary Sciences,2020,2,Main
College of Science,Psychology,Graduate,Doctor of Philosophy in Psychology,2020,86,Main
College of Science,Psychology,Graduate,Master of Arts in Psychology,2020,33,Main
College of Science,Psychology,Undergraduate,Major in Psychological Science,2020,215,Main
College of Science,Psychology,Undergraduate,Major in Psychological Science,2020,5,Main
College of Science,Psychology,Undergraduate,Major in Psychology,2020,1387,Main
College of Science,Psychology,Undergraduate,Major in Psychology,2020,65,Main
College of Science,Psychology,Undergraduate,Major in Psychology,2020,64,Main
College of Science,Psychology,Undergraduate,Major in Psychology,2020,521,Main
College of Science,Sch of Mind Brain & Behavior,Undergraduate,Major in Neuroscience and Cognitive Science,2020,231,Main
College of Science,Sch of Mind Brain & Behavior,Undergraduate,Major in Neuroscience and Cognitive Science,2020,426,Main
College of Science,Speech Language & Hearing Sci,Graduate,Doctor of Audiology,2020,40,Main
College of Science,Speech Language & Hearing Sci,Graduate,"Doctor of Philosophy in Speech, Language and Hearing Sciences",2020,14,Main
College of Science,Speech Language & Hearing Sci,Graduate,Bilingual Audiology,2020,2,Main
College of Science,Speech Language & Hearing Sci,Graduate,Bilingual Speech-Language Pathology,2020,29,Main
College of Science,Speech Language & Hearing Sci,Graduate,"Master of Science in Speech, Language and Hearing Sciences",2020,64,Main
College of Science,Speech Language & Hearing Sci,Undergraduate,"Major in Speech, Language and Hearing Sciences",2020,228,Main
College of Science,Speech Language & Hearing Sci,Undergraduate,"Major in Speech, Language and Hearing Sciences",2020,1,Main
College of Science,Psychology,Undergraduate,Major in Psychology,2020,316,Online
College of Science,Psychology,Undergraduate,Major in Psychology,2020,1,Online
College of Science,Computer Science,Undergraduate,Major in Computer Science,2020,7,South
College of Science,Computer Science,Undergraduate,Major in Computer Science,2020,8,South
College of Science,Mathematics,Undergraduate,Major in Mathematics,2020,1,South
College of Science,Psychology,Undergraduate,Major in Psychology,2020,37,South
College of Social & Behav Sci,School of Govt & Public Policy,Undergraduate,Major in Law,2020,131,Distance
College of Social & Behav Sci,American Indian Studies Prog,Undergraduate,Major in American Indian Studies,2020,12,Main
College of Social & Behav Sci,American Indian Studies Prog,Undergraduate,Major in American Indian Studies,2020,6,Main
College of Social & Behav Sci,AZ Center for Judaic Studies,Undergraduate,Major in Judaic Studies,2020,5,Main
College of Social & Behav Sci,AZ Center for Judaic Studies,Undergraduate,Major in Judaic Studies,2020,2,Main
College of Social & Behav Sci,College of Social & Behav Sci,Undergraduate,Major in Global Studies,2020,14,Main
College of Social & Behav Sci,College of Social & Behav Sci,Undergraduate,Major in Global Studies,2020,1,Main
College of Social & Behav Sci,College of Social & Behav Sci,Undergraduate,Major in Global Studies,2020,94,Main
College of Social & Behav Sci,College of Social & Behav Sci,Undergraduate,Major in Global Studies,2020,1,Main
College of Social & Behav Sci,College of Social & Behav Sci,Undergraduate,Major in Global Studies,2020,20,Main
College of Social & Behav Sci,Communication,Graduate,Doctor of Philosophy in Communication,2020,17,Main
College of Social & Behav Sci,Communication,Graduate,Master of Arts in Communication,2020,11,Main
College of Social & Behav Sci,Communication,Undergraduate,Major in Communication,2020,950,Main
College of Social & Behav Sci,Communication,Undergraduate,Major in Communication,2020,32,Main
College of Social & Behav Sci,English,Graduate,Doctor of Philosophy in English,2020,47,Main
College of Social & Behav Sci,English,Graduate,"Doctor of Philosophy in Rhetoric, Composition and Teaching of English",2020,38,Main
College of Social & Behav Sci,English,Graduate,Master of Arts in English,2020,8,Main
College of Social & Behav Sci,English,Graduate,"Master of Arts in Rhetoric, Composition and Teaching of English",2020,7,Main
College of Social & Behav Sci,English,Graduate,Master of Arts in Teaching English as a Second Language,2020,18,Main
College of Social & Behav Sci,English,Graduate,Master of Fine Arts in Creative Writing,2020,36,Main
College of Social & Behav Sci,English,Undergraduate,Major in Creative Writing,2020,189,Main
College of Social & Behav Sci,English,Undergraduate,Major in Creative Writing,2020,68,Main
College of Social & Behav Sci,English,Undergraduate,Major in English,2020,255,Main
College of Social & Behav Sci,English,Undergraduate,Major in English,2020,36,Main
College of Social & Behav Sci,English,Undergraduate,Professional and Technical Writing,2020,26,Main
College of Social & Behav Sci,Gender and Womens Studies,Graduate,Doctor of Philosophy in Gender & Women's Studies,2020,17,Main
College of Social & Behav Sci,Gender and Womens Studies,Graduate,Gender & Women's Studies,2020,2,Main
College of Social & Behav Sci,Gender and Womens Studies,Graduate,Master of Arts in Gender & Women's Studies,2020,1,Main
College of Social & Behav Sci,Gender and Womens Studies,Undergraduate,Major in Gender & Women's Studies,2020,30,Main
College of Social & Behav Sci,Gender and Womens Studies,Undergraduate,Major in Gender & Women's Studies,2020,14,Main
College of Social & Behav Sci,History,Graduate,Doctor of Philosophy in History,2020,38,Main
College of Social & Behav Sci,History,Graduate,Master of Arts in History,2020,10,Main
College of Social & Behav Sci,History,Undergraduate,Major in History,2020,238,Main
College of Social & Behav Sci,History,Undergraduate,Major in History,2020,30,Main
College of Social & Behav Sci,Journalism,Graduate,Master of Arts in Journalism,2020,26,Main
College of Social & Behav Sci,Journalism,Undergraduate,Major in Journalism,2020,375,Main
College of Social & Behav Sci,Journalism,Undergraduate,Major in Journalism,2020,24,Main
College of Social & Behav Sci,Latin American Area Center,Graduate,Master of Arts in Latin American Studies,2020,22,Main
College of Social & Behav Sci,Latin American Area Center,Undergraduate,Major in Latin American Studies,2020,10,Main
College of Social & Behav Sci,Latin American Area Center,Undergraduate,Major in Latin American Studies,2020,13,Main
College of Social & Behav Sci,Linguistics,Graduate,Doctor of Philosophy in Anthropology and Linguistics,2020,6,Main
College of Social & Behav Sci,Linguistics,Graduate,Doctor of Philosophy in Linguistics,2020,51,Main
College of Social & Behav Sci,Linguistics,Graduate,Master of Arts in Linguistics,2020,15,Main
College of Social & Behav Sci,Linguistics,Graduate,Master of Science in Human Language Technology,2020,14,Main
College of Social & Behav Sci,Linguistics,Undergraduate,Major in Linguistics,2020,113,Main
College of Social & Behav Sci,Linguistics,Undergraduate,Major in Linguistics,2020,11,Main
College of Social & Behav Sci,Mexican American Studies,Graduate,Doctor of Philosophy in Mexican American Studies,2020,13,Main
College of Social & Behav Sci,Mexican American Studies,Graduate,Master of Science in Mexican American Studies,2020,6,Main
College of Social & Behav Sci,Mexican American Studies,Undergraduate,Major in Mexican American Studies,2020,19,Main
College of Social & Behav Sci,Mexican American Studies,Undergraduate,Major in Mexican American Studies,2020,10,Main
College of Social & Behav Sci,Philosophy,Graduate,Doctor of Philosophy in Philosophy,2020,43,Main
College of Social & Behav Sci,Philosophy,Graduate,Master of Arts in Philosophy,2020,6,Main
College of Social & Behav Sci,Philosophy,Undergraduate,Major in Philosophy,2020,91,Main
College of Social & Behav Sci,Philosophy,Undergraduate,Major in Philosophy,2020,21,Main
College of Social & Behav Sci,Political Economy & Moral Sci,Undergraduate,"Major in Philosophy, Politics, Economics and Law",2020,164,Main
College of Social & Behav Sci,Political Economy & Moral Sci,Undergraduate,"Major in Philosophy, Politics, Economics and Law",2020,6,Main
College of Social & Behav Sci,"Sch Geography, Dev & Environ",Graduate,Doctor of Philosophy in Geography,2020,44,Main
College of Social & Behav Sci,"Sch Geography, Dev & Environ",Graduate,Geographic Information Science,2020,9,Main
College of Social & Behav Sci,"Sch Geography, Dev & Environ",Graduate,Professional Geographic Information Systems Technology,2020,1,Main
College of Social & Behav Sci,"Sch Geography, Dev & Environ",Graduate,Water Policy,2020,2,Main
College of Social & Behav Sci,"Sch Geography, Dev & Environ",Graduate,Master of Arts in Geography,2020,11,Main
College of Social & Behav Sci,"Sch Geography, Dev & Environ",Graduate,Master of Science in Geographic Information Systems Technology,2020,34,Main
College of Social & Behav Sci,"Sch Geography, Dev & Environ",Undergraduate,Major in Environmental Studies,2020,97,Main
College of Social & Behav Sci,"Sch Geography, Dev & Environ",Undergraduate,Major in Environmental Studies,2020,13,Main
College of Social & Behav Sci,"Sch Geography, Dev & Environ",Undergraduate,Major in Geography,2020,20,Main
College of Social & Behav Sci,"Sch Geography, Dev & Environ",Undergraduate,Major in Geography,2020,3,Main
College of Social & Behav Sci,"Sch Geography, Dev & Environ",Undergraduate,Major in Geography,2020,46,Main
College of Social & Behav Sci,"Sch Geography, Dev & Environ",Undergraduate,Major in Geography,2020,1,Main
College of Social & Behav Sci,"Sch Geography, Dev & Environ",Undergraduate,Major in Urban and Regional Development,2020,232,Main
College of Social & Behav Sci,"Sch Geography, Dev & Environ",Undergraduate,Major in Urban and Regional Development,2020,3,Main
College of Social & Behav Sci,Sch Middle E/N African Studies,Graduate,Doctor of Philosophy in Middle Eastern and North African Studies,2020,25,Main
College of Social & Behav Sci,Sch Middle E/N African Studies,Graduate,Doctor of Philosophy in Near Eastern Studies,2020,2,Main
College of Social & Behav Sci,Sch Middle E/N African Studies,Graduate,Middle Eastern Culture and Pedagogy,2020,4,Main
College of Social & Behav Sci,Sch Middle E/N African Studies,Graduate,Master of Arts in Middle Eastern and North African Studies,2020,11,Main
College of Social & Behav Sci,Sch Middle E/N African Studies,Undergraduate,Major in Arabic,2020,27,Main
College of Social & Behav Sci,Sch Middle E/N African Studies,Undergraduate,Major in Arabic,2020,27,Main
College of Social & Behav Sci,Sch Middle E/N African Studies,Undergraduate,Major in Middle Eastern and North African Studies,2020,9,Main
College of Social & Behav Sci,Sch Middle E/N African Studies,Undergraduate,Major in Middle Eastern and North African Studies,2020,8,Main
College of Social & Behav Sci,School of Anthropology,Graduate,Doctor of Philosophy in Anthropology,2020,87,Main
College of Social & Behav Sci,School of Anthropology,Graduate,Master of Arts in Anthropology,2020,20,Main
College of Social & Behav Sci,School of Anthropology,Graduate,Masters in Development Practice,2020,20,Main
College of Social & Behav Sci,School of Anthropology,Undergraduate,Major in Anthropology,2020,151,Main
College of Social & Behav Sci,School of Anthropology,Undergraduate,Major in Anthropology,2020,21,Main
College of Social & Behav Sci,School of Anthropology,Undergraduate,Major in Anthropology,2020,73,Main
College of Social & Behav Sci,School of Anthropology,Undergraduate,Major in Anthropology,2020,3,Main
College of Social & Behav Sci,School of Govt & Public Policy,Graduate,Doctor of Philosophy in Government and Public Policy,2020,34,Main
College of Social & Behav Sci,School of Govt & Public Policy,Graduate,Master of Arts in Government and Public Policy,2020,1,Main
College of Social & Behav Sci,School of Govt & Public Policy,Graduate,Master of Public Administration,2020,63,Main
College of Social & Behav Sci,School of Govt & Public Policy,Graduate,Master of Public Policy,2020,16,Main
College of Social & Behav Sci,School of Govt & Public Policy,Undergraduate,Major in Criminal Justice Studies,2020,765,Main
College of Social & Behav Sci,School of Govt & Public Policy,Undergraduate,Major in Criminal Justice Studies,2020,8,Main
College of Social & Behav Sci,School of Govt & Public Policy,Undergraduate,Major in Law,2020,632,Main
College of Social & Behav Sci,School of Govt & Public Policy,Undergraduate,Major in Law,2020,64,Main
College of Social & Behav Sci,School of Govt & Public Policy,Undergraduate,Major in Political Science,2020,669,Main
College of Social & Behav Sci,School of Govt & Public Policy,Undergraduate,Major in Political Science,2020,86,Main
College of Social & Behav Sci,School of Govt & Public Policy,Undergraduate,Major in Public Management and Policy,2020,106,Main
College of Social & Behav Sci,School of Govt & Public Policy,Undergraduate,Major in Public Management and Policy,2020,25,Main
College of Social & Behav Sci,School of Information,Graduate,Doctor of Philosophy in Information,2020,16,Main
College of Social & Behav Sci,School of Information,Graduate,Archival Studies,2020,5,Main
College of Social & Behav Sci,School of Information,Graduate,Digital Information Management,2020,2,Main
College of Social & Behav Sci,School of Information,Graduate,Law Librarianship,2020,1,Main
College of Social & Behav Sci,School of Information,Graduate,Medical and Community Health Information,2020,1,Main
College of Social & Behav Sci,School of Information,Graduate,Master of Arts in Library and Information Science,2020,83,Main
College of Social & Behav Sci,School of Information,Graduate,Master of Science in Information,2020,19,Main
College of Social & Behav Sci,School of Information,Undergraduate,Major in Information Science & eSociety,2020,255,Main
College of Social & Behav Sci,School of Information,Undergraduate,Major in Information Science & eSociety,2020,55,Main
College of Social & Behav Sci,School of Information,Undergraduate,Major in Information Science and Arts,2020,69,Main
College of Social & Behav Sci,School of Information,Undergraduate,Major in Information Science and Arts,2020,3,Main
College of Social & Behav Sci,School of Information,Undergraduate,Major in Information Science and Technology,2020,261,Main
College of Social & Behav Sci,School of Information,Undergraduate,Major in Information Science and Technology,2020,21,Main
College of Social & Behav Sci,Social & Behavioral Sci Admin,Graduate,Computational Social Sciences,2020,24,Main
College of Social & Behav Sci,Social & Behavioral Sci Admin,Undergraduate,Major in Food Studies,2020,18,Main
College of Social & Behav Sci,Social & Behavioral Sci Admin,Undergraduate,Major in Food Studies,2020,2,Main
College of Social & Behav Sci,Sociology,Graduate,Doctor of Philosophy in Sociology,2020,45,Main
College of Social & Behav Sci,Sociology,Graduate,Master of Arts in Sociology,2020,9,Main
College of Social & Behav Sci,Sociology,Undergraduate,"Major in Care, Health and Society",2020,346,Main
College of Social & Behav Sci,Sociology,Undergraduate,"Major in Care, Health and Society",2020,2,Main
College of Social & Behav Sci,Sociology,Undergraduate,Major in Sociology,2020,183,Main
College of Social & Behav Sci,Sociology,Undergraduate,Major in Sociology,2020,20,Main
College of Social & Behav Sci,College of Social & Behav Sci,Graduate,Human Rights Practice,2020,4,Online
College of Social & Behav Sci,College of Social & Behav Sci,Graduate,Master of Arts in Human Rights Practice,2020,63,Online
College of Social & Behav Sci,Communication,Undergraduate,Major in Communication,2020,119,Online
College of Social & Behav Sci,Communication,Undergraduate,Major in Communication,2020,1,Online
College of Social & Behav Sci,English,Graduate,Teaching English as a Second or Foreign Language,2020,3,Online
College of Social & Behav Sci,English,Undergraduate,Professional and Technical Writing,2020,1,Online
College of Social & Behav Sci,History,Undergraduate,Major in History,2020,63,Online
College of Social & Behav Sci,History,Undergraduate,Major in History,2020,1,Online
College of Social & Behav Sci,Philosophy,Undergraduate,Major in Philosophy,2020,27,Online
College of Social & Behav Sci,Philosophy,Undergraduate,Major in Philosophy,2020,3,Online
College of Social & Behav Sci,"Sch Geography, Dev & Environ",Graduate,Professional Geographic Information Systems Technology,2020,6,Online
College of Social & Behav Sci,"Sch Geography, Dev & Environ",Graduate,Master of Science in Geographic Information Systems Technology,2020,78,Online
College of Social & Behav Sci,"Sch Geography, Dev & Environ",Undergraduate,Geographic Information Systems Technology,2020,119,Online
College of Social & Behav Sci,School of Govt & Public Policy,Graduate,International Security Studies,2020,6,Online
College of Social & Behav Sci,School of Govt & Public Policy,Graduate,Master of Arts in International Security,2020,140,Online
College of Social & Behav Sci,School of Govt & Public Policy,Undergraduate,Major in Law,2020,167,Online
College of Social & Behav Sci,School of Govt & Public Policy,Undergraduate,Major in Law,2020,3,Online
College of Social & Behav Sci,School of Information,Graduate,Archival Studies,2020,16,Online
College of Social & Behav Sci,School of Information,Graduate,Digital Information Management,2020,2,Online
College of Social & Behav Sci,School of Information,Graduate,Instruction and Teaching for Librarians and Information Professionals,2020,1,Online
College of Social & Behav Sci,School of Information,Graduate,Medical and Community Health Information,2020,1,Online
College of Social & Behav Sci,School of Information,Graduate,Master of Arts in Library and Information Science,2020,163,Online
College of Social & Behav Sci,School of Information,Undergraduate,Major in Information Science & eSociety,2020,84,Online
College of Social & Behav Sci,School of Information,Undergraduate,Major in Information Science & eSociety,2020,2,Online
College of Social & Behav Sci,Sociology,Undergraduate,"Major in Care, Health and Society",2020,91,Online
College of Social & Behav Sci,English,Undergraduate,Major in English,2020,6,South
College of Social & Behav Sci,History,Undergraduate,Major in History,2020,3,South
College of Social & Behav Sci,School of Anthropology,Undergraduate,Major in Anthropology,2020,1,South
Colleges of Letters Arts & Sci,Colleges of Letters Arts & Sci,Undergraduate,Major in General Studies,2020,13,Distance
Colleges of Letters Arts & Sci,Colleges of Letters Arts & Sci,Undergraduate,Major in General Studies,2020,564,Main
Colleges of Letters Arts & Sci,Colleges of Letters Arts & Sci,Undergraduate,Major in General Studies,2020,235,Online
Eller College of Management,Eller Administration,Undergraduate,Major in Business Administration,2020,170,Distance
Eller College of Management,Economics,Graduate,Doctor of Philosophy in Economics,2020,47,Main
Eller College of Management,Economics,Graduate,Master of Arts in Economics,2020,4,Main
Eller College of Management,Economics,Graduate,Master of Science in Econometrics and Quantitative Economics,2020,14,Main
Eller College of Management,Economics,Undergraduate,Major in Business Economics,2020,117,Main
Eller College of Management,Economics,Undergraduate,Major in Business Economics,2020,8,Main
Eller College of Management,Economics,Undergraduate,Major in Economics,2020,385,Main
Eller College of Management,Economics,Undergraduate,Major in Economics,2020,263,Main
Eller College of Management,Eller Administration,Undergraduate,Major in Business Administration,2020,3693,Main
Eller College of Management,Eller College of Management,Undergraduate,Major in Entrepreneurship,2020,58,Main
Eller College of Management,Finance,Graduate,Master of Science in Finance,2020,37,Main
Eller College of Management,Finance,Undergraduate,Major in Finance,2020,438,Main
Eller College of Management,Finance,Undergraduate,Major in Finance,2020,19,Main
Eller College of Management,Finance,Undergraduate,Finance,2020,1,Main
Eller College of Management,Karl Eller Grad School of Mgmt,Graduate,Master of Business Administration,2020,140,Main
Eller College of Management,Management and Organizations,Graduate,Doctor of Philosophy in Management,2020,70,Main
Eller College of Management,Management and Organizations,Undergraduate,Major in Business Management,2020,334,Main
Eller College of Management,Management and Organizations,Undergraduate,Major in Business Management,2020,16,Main
Eller College of Management,Management and Organizations,Undergraduate,Social Innovation,2020,19,Main
Eller College of Management,Management and Organizations,Undergraduate,Sports Management,2020,133,Main
Eller College of Management,Management Information Systems,Graduate,Business Intelligence and Analytics,2020,2,Main
Eller College of Management,Management Information Systems,Graduate,Enterprise Information Security,2020,1,Main
Eller College of Management,Management Information Systems,Graduate,Master of Science in Business Analytics,2020,6,Main
Eller College of Management,Management Information Systems,Graduate,Master of Science in Management Information Systems,2020,136,Main
Eller College of Management,Management Information Systems,Undergraduate,Major in Management Information Systems,2020,314,Main
Eller College of Management,Management Information Systems,Undergraduate,Major in Management Information Systems,2020,124,Main
Eller College of Management,Management Information Systems,Undergraduate,Major in Operations Management,2020,25,Main
Eller College of Management,Management Information Systems,Undergraduate,Major in Operations Management,2020,48,Main
Eller College of Management,Marketing,Graduate,Master of Science in Marketing,2020,18,Main
Eller College of Management,Marketing,Undergraduate,Major in Marketing,2020,435,Main
Eller College of Management,Marketing,Undergraduate,Major in Marketing,2020,14,Main
Eller College of Management,School of Accountancy,Graduate,Master of Accounting,2020,44,Main
Eller College of Management,School of Accountancy,Graduate,Master of Science in Accounting,2020,34,Main
Eller College of Management,School of Accountancy,Undergraduate,Major in Accounting,2020,387,Main
Eller College of Management,School of Accountancy,Undergraduate,Major in Accounting,2020,5,Main
Eller College of Management,Eller Administration,Undergraduate,Major in Business Administration,2020,469,Online
Eller College of Management,Eller College of Management,Graduate,Master of Science in Entrepreneurship,2020,17,Online
Eller College of Management,Karl Eller Grad School of Mgmt,Graduate,Master of Business Administration,2020,246,Online
Eller College of Management,Management and Organizations,Graduate,Masters in Healthcare Management,2020,50,Online
Eller College of Management,Management and Organizations,Undergraduate,Sports Management,2020,8,Online
Eller College of Management,Management Information Systems,Graduate,Business Intelligence and Analytics,2020,18,Online
Eller College of Management,Management Information Systems,Graduate,Enterprise Information Security,2020,4,Online
Eller College of Management,Management Information Systems,Graduate,Master of Science in Management Information Systems,2020,106,Online
Eller College of Management,School of Accountancy,Graduate,Accounting,2020,24,Online
Eller College of Management,School of Accountancy,Graduate,Master of Science in Accounting,2020,20,Online
Eller College of Management,Karl Eller Grad School of Mgmt,Graduate,Master of Business Administration,2020,110,Phoenix
Graduate College,Interdis Graduate Prog Admin,Graduate,Doctor of Philosophy in American Indian Studies,2020,22,Main
Graduate College,Interdis Graduate Prog Admin,Graduate,Doctor of Philosophy in Applied Intercultural Arts Research,2020,5,Main
Graduate College,Interdis Graduate Prog Admin,Graduate,Doctor of Philosophy in Applied Mathematics,2020,50,Main
Graduate College,Interdis Graduate Prog Admin,Graduate,Doctor of Philosophy in Arid Lands Resource Sciences,2020,16,Main
Graduate College,Interdis Graduate Prog Admin,Graduate,Doctor of Philosophy in Cancer Biology,2020,30,Main
Graduate College,Interdis Graduate Prog Admin,Graduate,Doctor of Philosophy in Entomology & Insect Science,2020,20,Main
Graduate College,Interdis Graduate Prog Admin,Graduate,Doctor of Philosophy in Genetics,2020,14,Main
Graduate College,Interdis Graduate Prog Admin,Graduate,Doctor of Philosophy in Neuroscience,2020,25,Main
Graduate College,Interdis Graduate Prog Admin,Graduate,Doctor of Philosophy in Persian and Iranian Studies,2020,3,Main
Graduate College,Interdis Graduate Prog Admin,Graduate,Doctor of Philosophy in Physiological Sciences,2020,24,Main
Graduate College,Interdis Graduate Prog Admin,Graduate,Doctor of Philosophy in Second Language Acquisition and Teaching,2020,59,Main
Graduate College,Interdis Graduate Prog Admin,Graduate,Major in Statistics,2020,22,Main
Graduate College,Interdis Graduate Prog Admin,Graduate,Major in Statistics and Data Science,2020,1,Main
Graduate College,Interdis Graduate Prog Admin,Graduate,Statistics,2020,4,Main
Graduate College,Interdis Graduate Prog Admin,Graduate,Statistics and Data Science,2020,1,Main
Graduate College,Interdis Graduate Prog Admin,Graduate,Master of Arts in American Indian Studies,2020,3,Main
Graduate College,Interdis Graduate Prog Admin,Graduate,Master of Arts in Applied Intercultural Arts Research,2020,1,Main
Graduate College,Interdis Graduate Prog Admin,Graduate,Master of Arts in Persian and Iranian Studies,2020,3,Main
Graduate College,Interdis Graduate Prog Admin,Graduate,Master of Science in Applied Mathematics,2020,2,Main
Graduate College,Interdis Graduate Prog Admin,Graduate,Master of Science in Entomology & Insect Science,2020,14,Main
Graduate College,Interdis Graduate Prog Admin,Graduate,Master of Science in Neuroscience,2020,1,Main
Graduate College,Interdis Graduate Prog Admin,Graduate,Master of Science in Physiological Sciences,2020,22,Main
Graduate College,Interdis Graduate Prog Admin,Graduate,Master of Science in Statistics,2020,28,Main
Graduate College,Interdis Graduate Prog Admin,Graduate,Master of Science in Statistics and Data Science,2020,1,Main
Graduate College,Interdis Graduate Prog Admin,Graduate,Professional Science Masters in Applied Biosciences,2020,36,Main
Graduate College,Interdis Graduate Prog Admin,Graduate,Statistics,2020,5,Online
James C Wyant Coll Optical Sci,James C Wyant Coll Optical Sci,Graduate,Doctor of Philosophy in Optical Sciences,2020,169,Main
James C Wyant Coll Optical Sci,James C Wyant Coll Optical Sci,Graduate,Optical Sciences,2020,2,Main
James C Wyant Coll Optical Sci,James C Wyant Coll Optical Sci,Graduate,Master of Science in Optical Sciences,2020,111,Main
James C Wyant Coll Optical Sci,James C Wyant Coll Optical Sci,Graduate,Master of Science in Photonic Communications Engineering,2020,3,Main
James C Wyant Coll Optical Sci,James C Wyant Coll Optical Sci,Undergraduate,Major in Optical Sciences & Engineering,2020,123,Main
James C Wyant Coll Optical Sci,James C Wyant Coll Optical Sci,Graduate,Optical Sciences,2020,18,Online
James C Wyant Coll Optical Sci,James C Wyant Coll Optical Sci,Graduate,Master of Science in Optical Sciences,2020,77,Online
James E Rogers College of Law,James E Rogers College of Law,Law,Major in Indigenous Governance,2020,5,Main
James E Rogers College of Law,Law Instruction,Law,Major in Law,2020,373,Main
James E Rogers College of Law,Law Instruction,Law,Scientiae Juridicae Program,2020,18,Main
James E Rogers College of Law,Law Instruction,Law,Major in Law,2020,22,Main
James E Rogers College of Law,Law Instruction,Law,Master of Legal Studies,2020,41,Main
James E Rogers College of Law,Law Instruction,Law,Major in Law,2020,3,Online
James E Rogers College of Law,Law Instruction,Law,Master of Legal Studies,2020,177,Online
Job with good median salary and empolyment - don’t' have,Solar photovoltaic installers,Solar photovoltaic installers,Solar photovoltaic installers,2020,500,Potential
Job with good median salary and empolyment - don’t' have,Wind Turbine Technicians,Wind Turbine Technicians,Wind Turbine Technicians,2020,500,Potential
Job with good median salary and empolyment - don’t' have,Home Health Aides and Personal Care Aides,Home Health Aides and Personal Care Aides,Home Health Aides and Personal Care Aides,2020,500,Potential
Job with good median salary and empolyment - don’t' have,Occupational Therapy Assistants and Aides,Occupational Therapy Assistants and Aides,Occupational Therapy Assistants and Aides,2020,500,Potential
Job with good median salary and empolyment - don’t' have,Physician Assistants,Physician Assistants,Physician Assistants,2020,500,Potential
Job with good median salary and empolyment - don’t' have,Mathematicians and Statisticians/Data Science,Mathematicians and Statisticians/Data Science,Mathematicians and Statisticians/Data Science,2020,500,Potential
Job with good median salary and empolyment - don’t' have,Speech-Language Pathologists,Speech-Language Pathologists,Speech-Language Pathologists,2020,500,Potential
Job with good median salary and empolyment - don’t' have,Physical Therapist Assistants and Aides,Physical Therapist Assistants and Aides,Physical Therapist Assistants and Aides,2020,500,Potential
Job with good median salary and empolyment - don’t' have,Genetic Counselors,Genetic Counselors,Genetic Counselors,2020,500,Potential
Job with good median salary and empolyment - don’t' have,Fire Inspectors,Fire Inspectors,Fire Inspectors,2020,500,Potential
Job with good median salary and empolyment - don’t' have,Postsecondary Teachers,Postsecondary Teachers,Postsecondary Teachers,2020,500,Potential
Job with good median salary and empolyment - don’t' have,Phlebotomists,Phlebotomists,Phlebotomists,2020,500,Potential
Job with good median salary and empolyment - don’t' have,Medical Assistants,Medical Assistants,Medical Assistants,2020,500,Potential
Job with good median salary and empolyment - have,Information Security Analysts,Information Security Analysts,Information Security Analysts,2020,500,Potential
Job with good median salary and empolyment - have,"Nurse Anesthetists, Nurse Midwives, and Nurse Practitioners","Nurse Anesthetists, Nurse Midwives, and Nurse Practitioners","Nurse Anesthetists, Nurse Midwives, and Nurse Practitioners",2020,500,Potential
Job with good median salary and empolyment - have,Operations Research Analysts,Operations Research Analysts,Operations Research Analysts,2020,500,Potential
Job with good median salary and empolyment - have,Software Developers,Software Developers,Software Developers,2020,500,Potential
Job with less good median salary and empolyment - don’t' have,Petroleum Engineers,Petroleum Engineers,Petroleum Engineers,2020,500,Potential
Job with less good median salary and empolyment - don’t' have,Art Directors,Art Directors,Art Directors,2020,500,Potential
Job with less good median salary and empolyment - don’t' have,Industrial Designers,Industrial Designers,Industrial Designers,2020,500,Potential
Job with less good median salary and empolyment - don’t' have,Multimedia Artists and Animators,Multimedia Artists and Animators,Multimedia Artists and Animators,2020,500,Potential
Job with less good median salary and empolyment - don’t' have,Probation Officers and Correctional Treatment Specialists,Probation Officers and Correctional Treatment Specialists,Probation Officers and Correctional Treatment Specialists,2020,500,Potential
Job with less good median salary and empolyment - don’t' have,Dentists,Dentists,Dentists,2020,500,Potential
Job with less good median salary and empolyment - don’t' have,Sales Engineers,Sales Engineers,Sales Engineers,2020,500,Potential